iter	Accuracy	MultiClass
0	0.5087	1.913439666
1	0.5544	1.883959258
2	0.57	1.853527026
3	0.5779	1.828642112
4	0.5753	1.804023345
5	0.5914	1.78032097
6	0.5978	1.756660327
7	0.6001	1.734176657
8	0.5982	1.712737479
9	0.6059	1.694660869
10	0.6159	1.676401226
11	0.6189	1.656933205
12	0.6205	1.636622313
13	0.6267	1.62093042
14	0.6243	1.601999982
15	0.6263	1.584385895
16	0.6294	1.566652526
17	0.6303	1.550065305
18	0.6337	1.534710221
19	0.6363	1.51909717
20	0.6345	1.504474912
21	0.6405	1.489289868
22	0.6394	1.475244703
23	0.6421	1.46126804
24	0.644	1.448338415
25	0.6445	1.435181612
26	0.6454	1.423890772
27	0.6478	1.412579944
28	0.6498	1.401367196
29	0.6523	1.389613665
30	0.6544	1.378094767
31	0.6572	1.36671859
32	0.6606	1.357279253
33	0.6614	1.346539226
34	0.6623	1.336927552
35	0.6636	1.327211517
36	0.6669	1.316944345
37	0.6687	1.307755512
38	0.671	1.298368459
39	0.6732	1.289132579
40	0.6755	1.280570508
41	0.6772	1.27131689
42	0.6787	1.263062856
43	0.6795	1.254356636
44	0.681	1.245560617
45	0.6809	1.238256801
46	0.6826	1.229698508
47	0.684	1.221391218
48	0.6854	1.212897191
49	0.6861	1.204727277
50	0.6878	1.196307879
51	0.6897	1.1892141
52	0.6915	1.182331878
53	0.6935	1.175702224
54	0.6959	1.168446783
55	0.6961	1.161400013
56	0.6984	1.154115134
57	0.6988	1.146878856
58	0.6997	1.139927553
59	0.7012	1.133323443
60	0.7027	1.126565391
61	0.7055	1.120330778
62	0.7062	1.114301014
63	0.7089	1.108451361
64	0.7083	1.102925446
65	0.7096	1.097225331
66	0.7126	1.09139146
67	0.7146	1.085599525
68	0.7168	1.079818818
69	0.718	1.074074604
70	0.7196	1.068901711
71	0.7208	1.063964667
72	0.7235	1.058161136
73	0.7246	1.053315558
74	0.7262	1.048531348
75	0.7279	1.043003079
76	0.7287	1.037695062
77	0.7296	1.032385178
78	0.7303	1.027420867
79	0.7332	1.021657893
80	0.7343	1.016329163
81	0.7353	1.011582594
82	0.7369	1.006527214
83	0.7382	1.001899547
84	0.7398	0.9970394425
85	0.7414	0.9921104258
86	0.7425	0.98759207
87	0.7434	0.9830791027
88	0.7452	0.9786263445
89	0.7463	0.9744445
90	0.7475	0.9704905035
91	0.75	0.9665307387
92	0.7507	0.962314786
93	0.752	0.9576498033
94	0.7536	0.9535227458
95	0.7555	0.9493592231
96	0.756	0.9451748995
97	0.7568	0.9407011693
98	0.7582	0.9368269066
99	0.7608	0.9325451451
100	0.7614	0.9281048841
101	0.7641	0.9242891567
102	0.7655	0.9204957723
103	0.7673	0.9167622696
104	0.7686	0.9127527161
105	0.7702	0.9091418771
106	0.7703	0.9055181793
107	0.7718	0.9018912527
108	0.7734	0.8982821352
109	0.7748	0.8947395519
110	0.7755	0.8914483376
111	0.7769	0.887818677
112	0.7773	0.8847131753
113	0.7789	0.881588347
114	0.7799	0.8784089415
115	0.7825	0.8749836968
116	0.7831	0.8717018965
117	0.7828	0.8688199887
118	0.7843	0.865541702
119	0.7857	0.8620742784
120	0.788	0.8585509084
121	0.7892	0.8551437198
122	0.7903	0.8519781584
123	0.792	0.8488549667
124	0.7925	0.8455562801
125	0.7941	0.8422899014
126	0.7956	0.8394063348
127	0.795	0.8365581434
128	0.7957	0.83337539
129	0.7967	0.8303951105
130	0.7988	0.8275112222
131	0.7999	0.8240636908
132	0.8015	0.8209615626
133	0.8029	0.8182990268
134	0.804	0.8155240621
135	0.805	0.8125393541
136	0.8054	0.8094560388
137	0.8057	0.8063825051
138	0.8069	0.8036595591
139	0.8077	0.8009862982
140	0.8101	0.7981475925
141	0.8115	0.7956212717
142	0.812	0.792694786
143	0.8129	0.7897594585
144	0.8121	0.7871989305
145	0.8144	0.7845712847
146	0.8146	0.7818385143
147	0.8158	0.7791396243
148	0.8164	0.7765338214
149	0.8171	0.774275744
150	0.818	0.7717759444
151	0.8189	0.7690793453
152	0.8193	0.7668413599
153	0.8211	0.7640166129
154	0.8224	0.7615078571
155	0.823	0.7590244038
156	0.824	0.7566484665
157	0.8246	0.7540552144
158	0.826	0.7516116841
159	0.8273	0.7489251501
160	0.8268	0.7465523572
161	0.8285	0.7441273135
162	0.8304	0.7415576313
163	0.8316	0.7390492331
164	0.8341	0.7366088182
165	0.8347	0.734459558
166	0.8363	0.73180756
167	0.8363	0.7292183109
168	0.8373	0.7269963376
169	0.8384	0.724828592
170	0.8401	0.7224634394
171	0.8408	0.7202570838
172	0.8415	0.7180184426
173	0.8425	0.7157637547
174	0.8427	0.7136161519
175	0.843	0.7115057223
176	0.8436	0.7091090827
177	0.8443	0.7071896189
178	0.8455	0.7051924184
179	0.8471	0.7030317753
180	0.8478	0.7010185457
181	0.8486	0.6989985618
182	0.8486	0.6967341262
183	0.849	0.6947783081
184	0.8502	0.6926343091
185	0.851	0.6905619668
186	0.8523	0.6883053092
187	0.8528	0.6861361457
188	0.854	0.6840966943
189	0.8543	0.6817728598
190	0.8541	0.6799396312
191	0.8546	0.677870795
192	0.8549	0.676132193
193	0.8559	0.6740943427
194	0.8571	0.6719505924
195	0.858	0.6700046562
196	0.8587	0.6681143237
197	0.8592	0.6660615918
198	0.8594	0.6642203399
199	0.8598	0.6623921685
200	0.8607	0.6604785992
201	0.8622	0.6584000496
202	0.8623	0.6565557116
203	0.8631	0.6543571026
204	0.8638	0.6525613365
205	0.8641	0.650910061
206	0.8644	0.6491874314
207	0.8659	0.6471045187
208	0.8664	0.6455063239
209	0.8671	0.6435673043
210	0.8683	0.6417411884
211	0.8685	0.639736176
212	0.8685	0.6378160288
213	0.869	0.6359014837
214	0.8689	0.634302199
215	0.8692	0.6325842959
216	0.8694	0.6307635101
217	0.8699	0.6291153382
218	0.8708	0.6273040266
219	0.8706	0.6254814245
220	0.8712	0.6237690406
221	0.8719	0.6219961428
222	0.8726	0.62037533
223	0.8732	0.618718582
224	0.8735	0.6169634181
225	0.874	0.615292489
226	0.8744	0.6136664183
227	0.875	0.6120508204
228	0.8753	0.6104021308
229	0.875	0.6088368973
230	0.8755	0.607122512
231	0.8758	0.6057701669
232	0.8762	0.6039706213
233	0.8767	0.6022677829
234	0.877	0.6005422486
235	0.8775	0.598714908
236	0.8781	0.597162858
237	0.8784	0.5956774346
238	0.8791	0.594161424
239	0.8795	0.5925195937
240	0.8798	0.5910396627
241	0.8801	0.5894361103
242	0.8805	0.5878832446
243	0.8807	0.5865100374
244	0.8821	0.5850515095
245	0.8832	0.583402851
246	0.8838	0.5818585548
247	0.8841	0.5803397701
248	0.8847	0.5787778124
249	0.8856	0.5775103591
250	0.8862	0.5759297002
251	0.8866	0.5745379822
252	0.8874	0.5728267346
253	0.8873	0.5711798459
254	0.888	0.5697303269
255	0.8876	0.568255841
256	0.8884	0.5668144893
257	0.8892	0.5654822752
258	0.8902	0.5637678673
259	0.8901	0.5624578552
260	0.8905	0.5610285031
261	0.8917	0.5595658704
262	0.8918	0.5581431052
263	0.8923	0.5568377291
264	0.8927	0.5553352903
265	0.893	0.5539635815
266	0.8933	0.5526406551
267	0.8935	0.5509164696
268	0.8938	0.5495696465
269	0.8944	0.5481932946
270	0.8955	0.5466083685
271	0.8955	0.545305965
272	0.8959	0.5440934692
273	0.8959	0.5428647256
274	0.8957	0.5414914093
275	0.8964	0.5400474196
276	0.897	0.5387002051
277	0.8975	0.5374853317
278	0.8979	0.5361885508
279	0.8983	0.5348462362
280	0.8987	0.5335656755
281	0.8992	0.5322803195
282	0.8995	0.5310869632
283	0.8996	0.5298727233
284	0.8997	0.5285659175
285	0.9009	0.5273370376
286	0.9007	0.526081256
287	0.9016	0.5247664161
288	0.9015	0.5235964692
289	0.9024	0.5224065499
290	0.9023	0.5211409407
291	0.9024	0.5198818319
292	0.9027	0.518722269
293	0.9027	0.5175494046
294	0.9034	0.5163782458
295	0.9037	0.5152153069
296	0.904	0.513834953
297	0.9048	0.5126674721
298	0.9043	0.5115245521
299	0.9054	0.5100981716
300	0.9052	0.5087696707
301	0.9053	0.5075673164
302	0.9058	0.5064372719
303	0.9062	0.5051304016
304	0.9068	0.5038620588
305	0.9075	0.5026130218
306	0.9077	0.5012658595
307	0.908	0.5000849595
308	0.908	0.4989574118
309	0.9081	0.4977262202
310	0.9082	0.4965238969
311	0.909	0.4953127444
312	0.909	0.4942026624
313	0.909	0.4930506479
314	0.91	0.4917377589
315	0.9102	0.49060017
316	0.9101	0.4892889071
317	0.91	0.4880260279
318	0.9113	0.4868792765
319	0.9121	0.4855353599
320	0.9125	0.484405609
321	0.9131	0.483297868
322	0.9134	0.4820640768
323	0.9134	0.4808821633
324	0.914	0.4796369995
325	0.9144	0.4783336564
326	0.9145	0.4770764272
327	0.915	0.4759888079
328	0.915	0.4749325363
329	0.9151	0.4737904632
330	0.9159	0.4726990697
331	0.9161	0.4714014185
332	0.9162	0.4703043759
333	0.9165	0.4692983506
334	0.9169	0.4680986655
335	0.9173	0.4669429746
336	0.9173	0.4658168259
337	0.9177	0.4647199807
338	0.9181	0.4637617534
339	0.9181	0.462745712
340	0.9184	0.461625601
341	0.9187	0.4604705645
342	0.9187	0.4594553623
343	0.9188	0.4582246703
344	0.9192	0.4573281931
345	0.9196	0.456318278
346	0.9197	0.4552517754
347	0.9201	0.4542013395
348	0.9203	0.4530992793
349	0.9209	0.4520250796
350	0.9206	0.4509855074
351	0.9206	0.4498577042
352	0.9214	0.4487825272
353	0.9215	0.4476796816
354	0.9217	0.446691136
355	0.9214	0.4457425093
356	0.9219	0.4446769645
357	0.9224	0.4436174773
358	0.9232	0.4426694335
359	0.9235	0.4416502118
360	0.9235	0.4406514759
361	0.9237	0.4396982917
362	0.9238	0.4386562343
363	0.924	0.4375354618
364	0.924	0.4363846912
365	0.9242	0.4354015152
366	0.9239	0.4344552866
367	0.9241	0.4334349611
368	0.9245	0.4324008225
369	0.924	0.4313219032
370	0.9243	0.4303924693
371	0.9246	0.4293989323
372	0.9248	0.4283131124
373	0.9255	0.4272712171
374	0.9257	0.4263370641
375	0.9258	0.4253520894
376	0.9265	0.4244054384
377	0.9268	0.4233719043
378	0.9271	0.4223849386
379	0.9274	0.4214441705
380	0.9275	0.4204534711
381	0.9283	0.4195161401
382	0.9285	0.4186115202
383	0.9283	0.4176790524
384	0.9286	0.416818731
385	0.9286	0.4158418223
386	0.929	0.4148195993
387	0.929	0.4138952849
388	0.9288	0.4130268004
389	0.9289	0.4120435084
390	0.9292	0.4111123843
391	0.9302	0.4101998659
392	0.9304	0.4092194772
393	0.9302	0.408391751
394	0.931	0.4074011217
395	0.9311	0.4063999379
396	0.9313	0.4055573392
397	0.9315	0.4045910521
398	0.9319	0.4037291579
399	0.9323	0.4028017499
400	0.9323	0.4019993725
401	0.9322	0.4011802109
402	0.9328	0.4003448793
403	0.9332	0.399426612
404	0.9333	0.3985250863
405	0.9334	0.3976539059
406	0.9338	0.396795833
407	0.9339	0.396000246
408	0.9344	0.3951853922
409	0.9344	0.3943620525
410	0.9342	0.3935327291
411	0.9343	0.3927471953
412	0.9341	0.3918814235
413	0.9342	0.3910975622
414	0.9345	0.3902605135
415	0.9345	0.3894631414
416	0.9349	0.3885824467
417	0.9353	0.3878591427
418	0.9351	0.3870018221
419	0.9357	0.3861115779
420	0.9357	0.3852522199
421	0.9358	0.3844854129
422	0.9359	0.3836132584
423	0.9359	0.3828397965
424	0.9358	0.3819738365
425	0.9366	0.3810945115
426	0.9369	0.3803109313
427	0.937	0.379425789
428	0.9373	0.378587786
429	0.9377	0.377752918
430	0.9377	0.3769512414
431	0.9381	0.3761391233
432	0.9384	0.3752683538
433	0.9385	0.3744530477
434	0.9385	0.3736483864
435	0.9385	0.3729118987
436	0.9386	0.3721901104
437	0.9386	0.3713623671
438	0.9387	0.3707230728
439	0.9389	0.3699361621
440	0.9394	0.3691856307
441	0.9395	0.3684451631
442	0.9397	0.367648328
443	0.9397	0.366806434
444	0.94	0.3660226114
445	0.9403	0.3652603935
446	0.9409	0.3645497177
447	0.9408	0.3638844672
448	0.9405	0.3631892585
449	0.9407	0.3625392236
450	0.9411	0.361794368
451	0.9415	0.3610601567
452	0.9415	0.360277959
453	0.9418	0.3595998156
454	0.9419	0.3588523411
455	0.9417	0.3580860393
456	0.942	0.3572512251
457	0.9423	0.3565816656
458	0.942	0.3558639461
459	0.9422	0.3551132635
460	0.9425	0.3543212979
461	0.9428	0.353687074
462	0.9431	0.3529840041
463	0.9435	0.352160505
464	0.9433	0.3515377381
465	0.9433	0.3508388047
466	0.9436	0.3502756186
467	0.9438	0.3495690801
468	0.9441	0.348931917
469	0.9444	0.3481561889
470	0.9447	0.3474854012
471	0.9443	0.3468104163
472	0.9445	0.3461258374
473	0.9448	0.3454182463
474	0.9448	0.3446366357
475	0.9451	0.3439575755
476	0.9452	0.3431903225
477	0.9456	0.342495731
478	0.9456	0.3418319056
479	0.9455	0.341153129
480	0.9457	0.3404872325
481	0.9458	0.3398429545
482	0.946	0.3392217927
483	0.946	0.3385943686
484	0.946	0.3379364318
485	0.9461	0.3372727361
486	0.9465	0.3366560099
487	0.9468	0.3360082456
488	0.9469	0.335376786
489	0.9471	0.3347542752
490	0.9473	0.3341291353
491	0.9471	0.33353495
492	0.9472	0.3329110123
493	0.9474	0.3322869649
494	0.948	0.3316803606
495	0.9481	0.3309909951
496	0.9482	0.3303642624
497	0.9483	0.3297467264
498	0.9484	0.3291165521
499	0.9489	0.3284933457
500	0.949	0.3279167014
501	0.9489	0.3272934307
502	0.9488	0.3265843638
503	0.9487	0.3259293721
504	0.9489	0.3253182796
505	0.9489	0.3247008601
506	0.9492	0.3240030734
507	0.9494	0.3233903659
508	0.9496	0.3228008057
509	0.9496	0.3221527027
510	0.9498	0.3215584942
511	0.9497	0.3210086203
512	0.9498	0.320391904
513	0.9502	0.3198570099
514	0.9502	0.3192847042
515	0.9501	0.3186950701
516	0.9506	0.3181447481
517	0.9505	0.3175377462
518	0.9507	0.3170130829
519	0.9508	0.3164694777
520	0.9506	0.315888402
521	0.9506	0.3153666336
522	0.9508	0.3148757162
523	0.9507	0.3143064515
524	0.9511	0.3137175244
525	0.951	0.3131343201
526	0.9511	0.3126013994
527	0.9512	0.3120096787
528	0.9513	0.3114330553
529	0.9512	0.3108551942
530	0.9512	0.3103343616
531	0.9515	0.3097302553
532	0.9515	0.3091455519
533	0.9517	0.3085847118
534	0.952	0.3080997764
535	0.9519	0.3075607226
536	0.9523	0.3069784989
537	0.9522	0.3063641335
538	0.9522	0.3057679741
539	0.9526	0.3052652271
540	0.9524	0.3046747337
541	0.9526	0.3042003491
542	0.9526	0.3036496515
543	0.9527	0.3031463977
544	0.9529	0.302604427
545	0.9527	0.30209511
546	0.9526	0.3016177445
547	0.9528	0.3011009183
548	0.9529	0.300572096
549	0.953	0.3000528251
550	0.9532	0.299551393
551	0.9531	0.298995717
552	0.9534	0.2985039751
553	0.9536	0.2980069744
554	0.9536	0.2974623755
555	0.9535	0.2969654746
556	0.9535	0.2964848295
557	0.9537	0.2959599413
558	0.9539	0.2954587045
559	0.9536	0.2949533556
560	0.9537	0.2944295699
561	0.9541	0.2939984009
562	0.9546	0.2934980729
563	0.9548	0.2930562461
564	0.9549	0.2925962131
565	0.9549	0.2920524931
566	0.9552	0.2915586381
567	0.955	0.2911453695
568	0.9551	0.2906840407
569	0.9554	0.2902007405
570	0.9554	0.2897128403
571	0.9554	0.2891719276
572	0.9555	0.2886710851
573	0.9558	0.2881499379
574	0.9562	0.2876923821
575	0.9561	0.2871166651
576	0.956	0.2865918635
577	0.9562	0.2860875256
578	0.9562	0.2855999382
579	0.9564	0.2850962948
580	0.9562	0.2846144619
581	0.9567	0.2841155475
582	0.9565	0.2836870363
583	0.9568	0.2831985086
584	0.9572	0.2826963818
585	0.9572	0.2822401025
586	0.957	0.2817512311
587	0.9571	0.2813047829
588	0.9573	0.2807946403
589	0.9572	0.2803520984
590	0.9573	0.2798682998
591	0.9574	0.279387969
592	0.9574	0.278940946
593	0.9574	0.2784687263
594	0.9576	0.2779960392
595	0.9577	0.277505494
596	0.958	0.2770680963
597	0.958	0.2765891627
598	0.9581	0.2761735784
599	0.9582	0.2757474545
600	0.9583	0.2753162392
601	0.9583	0.2748537645
602	0.9589	0.2744467226
603	0.9588	0.2739703442
604	0.9589	0.2735368019
605	0.9591	0.2731101708
606	0.9592	0.2726423726
607	0.9591	0.2721793813
608	0.9594	0.271697758
609	0.9594	0.2712777411
610	0.9595	0.270837407
611	0.9592	0.2703960488
612	0.9594	0.2699659774
613	0.9596	0.2695852657
614	0.9601	0.2691054381
615	0.9599	0.2687219097
616	0.9599	0.2682764653
617	0.9602	0.2678189747
618	0.9602	0.2674328811
619	0.9604	0.2670227979
620	0.9602	0.2665743706
621	0.9606	0.2661573229
622	0.9605	0.2657621205
623	0.9608	0.2653155996
624	0.9608	0.2648435785
625	0.9609	0.2644533099
626	0.9608	0.264049181
627	0.9611	0.2636185092
628	0.9612	0.2632253171
629	0.9614	0.2628414984
630	0.9612	0.2624125608
631	0.9611	0.2620140828
632	0.9613	0.2616460622
633	0.9612	0.2612028043
634	0.9616	0.260853879
635	0.9617	0.260404107
636	0.9618	0.2599986823
637	0.962	0.2595858455
638	0.9619	0.2592285804
639	0.9617	0.2588030784
640	0.9625	0.258372562
641	0.9622	0.2579517456
642	0.9623	0.2575992757
643	0.9624	0.2572182359
644	0.9623	0.256819785
645	0.9626	0.2564124319
646	0.9626	0.256042086
647	0.9626	0.2556427265
648	0.9627	0.2552719705
649	0.9629	0.2548963365
650	0.9628	0.2544891458
651	0.963	0.2540867017
652	0.9631	0.2536667891
653	0.9631	0.253239542
654	0.9631	0.2528628083
655	0.9637	0.2524846365
656	0.9639	0.2521004071
657	0.964	0.2517181251
658	0.9641	0.2513529157
659	0.9642	0.2509846503
660	0.9647	0.250629881
661	0.965	0.2502079306
662	0.9648	0.2497767636
663	0.9649	0.2493679509
664	0.9644	0.2489676341
665	0.9649	0.2486102589
666	0.9649	0.2482234383
667	0.9651	0.2478363327
668	0.965	0.2474106423
669	0.9649	0.2470622041
670	0.9654	0.2466465635
671	0.9652	0.2462782019
672	0.9657	0.2458898735
673	0.9657	0.2454747751
674	0.9655	0.2451141424
675	0.9655	0.2447647027
676	0.9654	0.2444154473
677	0.9653	0.2440360322
678	0.9652	0.2436486853
679	0.965	0.2432854329
680	0.9652	0.2429513012
681	0.9654	0.242587531
682	0.9653	0.2422629809
683	0.9654	0.2419184104
684	0.9654	0.2415591113
685	0.9656	0.241176001
686	0.9656	0.2408197622
687	0.9657	0.2405249792
688	0.9656	0.2401450129
689	0.9658	0.2397744072
690	0.9662	0.2394227125
691	0.9663	0.2390335018
692	0.9663	0.2386773405
693	0.9667	0.238363513
694	0.9666	0.2380054333
695	0.9668	0.2376807684
696	0.9668	0.2372988698
697	0.967	0.2369423733
698	0.967	0.2365685466
699	0.9671	0.2361938823
700	0.9671	0.2358658921
701	0.9671	0.2355407194
702	0.9674	0.235196344
703	0.9675	0.2348104672
704	0.9677	0.2344648217
705	0.9677	0.2341601932
706	0.9678	0.233823081
707	0.9679	0.2335077829
708	0.968	0.2331585973
709	0.968	0.2328120995
710	0.9681	0.2324480722
711	0.9682	0.2321146834
712	0.968	0.2317806856
713	0.9683	0.2314608852
714	0.968	0.2311061803
715	0.968	0.2308054092
716	0.968	0.2304836859
717	0.968	0.2301360557
718	0.9681	0.2298057335
719	0.9683	0.2294878328
720	0.9687	0.2291968408
721	0.9688	0.2288570985
722	0.9689	0.2285471928
723	0.9689	0.2282210113
724	0.9689	0.2278718632
725	0.9687	0.2275933262
726	0.9689	0.227279884
727	0.9691	0.2269601548
728	0.9693	0.2266293845
729	0.9694	0.2263179374
730	0.9695	0.2260159057
731	0.9695	0.2257397001
732	0.9695	0.2253997317
733	0.9694	0.2250784075
734	0.9695	0.2247609471
735	0.9699	0.2243879368
736	0.97	0.2240502497
737	0.9699	0.2237075028
738	0.9701	0.2233715278
739	0.9703	0.2230743323
740	0.9701	0.2227408484
741	0.9704	0.2224432239
742	0.9704	0.2221584859
743	0.9706	0.2218241278
744	0.9706	0.2215063479
745	0.9707	0.2211932283
746	0.9709	0.2208713459
747	0.971	0.2205468857
748	0.9708	0.2202046338
749	0.9709	0.2198802722
750	0.9708	0.2195878517
751	0.9709	0.2192635506
752	0.9709	0.21893365
753	0.9711	0.2186356702
754	0.971	0.2183463254
755	0.9712	0.2180391961
756	0.9712	0.2177302229
757	0.9712	0.2174121179
758	0.9714	0.217166763
759	0.9718	0.2169025861
760	0.9715	0.2166138794
761	0.9717	0.2163398853
762	0.9718	0.2160741137
763	0.9717	0.2157940021
764	0.9719	0.2155201873
765	0.972	0.2152237283
766	0.972	0.2149321061
767	0.972	0.2146530464
768	0.9719	0.214336694
769	0.9721	0.2140450712
770	0.972	0.2137362116
771	0.9721	0.2134537285
772	0.9723	0.213199801
773	0.9722	0.2129097798
774	0.9725	0.2126308957
775	0.9725	0.2123538807
776	0.9727	0.2120916
777	0.9727	0.2117853828
778	0.9727	0.2114772207
779	0.9729	0.2111634625
780	0.973	0.2108629194
781	0.9733	0.2105925468
782	0.9733	0.2103359686
783	0.9733	0.2100532479
784	0.9733	0.2097708745
785	0.9734	0.2095123673
786	0.9735	0.2092570683
787	0.9733	0.2089720392
788	0.9733	0.2087125462
789	0.9734	0.2084489769
790	0.9736	0.2081819878
791	0.9737	0.2079205933
792	0.9736	0.2076512351
793	0.9739	0.2073629631
794	0.9742	0.2070903741
795	0.974	0.2068340951
796	0.9742	0.2065559034
797	0.9743	0.2062931905
798	0.9744	0.2060495705
799	0.9744	0.2057798273
800	0.9746	0.2055098677
801	0.9746	0.2052714825
802	0.9746	0.2050227852
803	0.9745	0.2047480948
804	0.9745	0.2044819687
805	0.9749	0.204198992
806	0.9747	0.2039256293
807	0.9747	0.2036436817
808	0.9748	0.2033693013
809	0.9748	0.2030941161
810	0.9747	0.2028454943
811	0.9749	0.202599138
812	0.9751	0.2023206167
813	0.9751	0.2020787287
814	0.9752	0.2018196516
815	0.975	0.201581821
816	0.9752	0.2013040144
817	0.9756	0.2010551927
818	0.9756	0.2007973729
819	0.9756	0.2005491642
820	0.9756	0.2002987658
821	0.9757	0.2000425437
822	0.9758	0.1997995231
823	0.9758	0.1995569264
824	0.9759	0.1993278807
825	0.976	0.1990640089
826	0.9759	0.1988161309
827	0.9759	0.1985878341
828	0.9761	0.1983459396
829	0.9761	0.198116499
830	0.9761	0.1978703216
831	0.9764	0.1976062302
832	0.9765	0.197336975
833	0.9767	0.1971059334
834	0.9771	0.1968642732
835	0.9769	0.1966375444
836	0.9768	0.1964058666
837	0.9768	0.196129933
838	0.9772	0.1958163219
839	0.9772	0.1955984262
840	0.9773	0.1953492111
841	0.9772	0.1951129897
842	0.9772	0.1948899165
843	0.9773	0.1946548726
844	0.9774	0.1944078745
845	0.9774	0.1941731968
846	0.9773	0.1939376308
847	0.9774	0.1936931361
848	0.9774	0.1934236863
849	0.9777	0.1931763279
850	0.9777	0.1929686001
851	0.9778	0.1926841598
852	0.9779	0.1924551602
853	0.9777	0.1922415427
854	0.9778	0.1920004093
855	0.9778	0.1917390076
856	0.9779	0.191516113
857	0.9781	0.1912886124
858	0.9782	0.1910465701
859	0.9784	0.1908336528
860	0.9781	0.1906018781
861	0.9784	0.1903775528
862	0.9783	0.1901508953
863	0.9784	0.1899061851
864	0.9784	0.1896780169
865	0.9783	0.1894455142
866	0.9785	0.1892107467
867	0.9787	0.1889667131
868	0.9785	0.1887508275
869	0.9786	0.1885188068
870	0.9786	0.1882849858
871	0.9786	0.1880594386
872	0.9791	0.187805997
873	0.9792	0.1875666042
874	0.979	0.1873376143
875	0.9791	0.1870770902
876	0.9791	0.186849247
877	0.9792	0.1866096848
878	0.9796	0.1864078532
879	0.9796	0.1861815576
880	0.9797	0.1859649917
881	0.9798	0.1857201399
882	0.9797	0.1854951585
883	0.9793	0.1852839445
884	0.9794	0.1850714509
885	0.9792	0.1848415381
886	0.9791	0.1846385097
887	0.9792	0.1844067928
888	0.9794	0.1841991422
889	0.9797	0.1839655974
890	0.9798	0.1837409304
891	0.9796	0.1835478039
892	0.9796	0.1833355941
893	0.9801	0.1831251703
894	0.9801	0.1829158512
895	0.9801	0.18270682
896	0.9806	0.182503317
897	0.9806	0.1822883723
898	0.9807	0.1820862156
899	0.9809	0.1818807218
900	0.981	0.1816600331
901	0.981	0.1814413416
902	0.981	0.1812272057
903	0.9811	0.1810163612
904	0.981	0.1808102347
905	0.9811	0.1805596015
906	0.9812	0.180331443
907	0.9813	0.1801077229
908	0.9814	0.1799048128
909	0.9814	0.1796912661
910	0.9817	0.1794612722
911	0.9814	0.1792496476
912	0.9814	0.1790358084
913	0.9817	0.1788248284
914	0.982	0.1786396037
915	0.9818	0.1784118379
916	0.9819	0.1782016481
917	0.982	0.1779961659
918	0.9819	0.1777851851
919	0.9819	0.1775741785
920	0.9821	0.1773596779
921	0.9821	0.1771465625
922	0.982	0.1769088069
923	0.9821	0.1767276811
924	0.9821	0.176526089
925	0.9821	0.176309975
926	0.9821	0.1761198475
927	0.982	0.175922719
928	0.9819	0.1757313829
929	0.9822	0.1755203558
930	0.9823	0.1753219031
931	0.9825	0.1751177738
932	0.9825	0.1749366093
933	0.9824	0.1747075421
934	0.9825	0.1745324899
935	0.9825	0.1743217856
936	0.9824	0.1741232756
937	0.9823	0.1739348705
938	0.9825	0.1737350721
939	0.9826	0.1735506925
940	0.9825	0.1733498793
941	0.9825	0.1731434546
942	0.9825	0.1729269377
943	0.9824	0.1727406455
944	0.9825	0.1725513212
945	0.9825	0.1723739017
946	0.9825	0.1721564605
947	0.9825	0.1719235805
948	0.9825	0.1717197286
949	0.9825	0.1715046446
950	0.9827	0.1713417163
951	0.983	0.1711371796
952	0.9831	0.1709381252
953	0.983	0.1707669177
954	0.9831	0.1705500719
955	0.9833	0.1703497194
956	0.9833	0.1701558937
957	0.9835	0.1699343178
958	0.9835	0.1697604786
959	0.9835	0.1695493341
960	0.9835	0.1693652521
961	0.9837	0.1691913046
962	0.9839	0.1689978173
963	0.9838	0.1688072697
964	0.984	0.1686122476
965	0.9841	0.1684303807
966	0.9841	0.1682030366
967	0.9841	0.1680128635
968	0.9843	0.1677977366
969	0.9842	0.167593125
970	0.9842	0.1673838968
971	0.9843	0.1671926079
972	0.9845	0.1669984616
973	0.9847	0.1667878396
974	0.9846	0.1666219798
975	0.9847	0.1664549827
976	0.9852	0.1662612482
977	0.9854	0.1660651516
978	0.9853	0.1658803184
979	0.9854	0.1657041562
980	0.9853	0.1655264558
981	0.9854	0.1653445176
982	0.9856	0.1651732427
983	0.9857	0.164964569
984	0.9858	0.1647841925
985	0.986	0.164593409
986	0.9861	0.1644150241
987	0.986	0.1642312066
988	0.9859	0.1640367434
989	0.9861	0.1638845791
990	0.9861	0.1637099282
991	0.9861	0.1635266358
992	0.9864	0.163330517
993	0.9865	0.1631248731
994	0.9863	0.1629369055
995	0.9864	0.162756242
996	0.9864	0.1625948456
997	0.9868	0.1623775896
998	0.9867	0.1622162525
999	0.9866	0.1620288027
1000	0.9867	0.1618403009
1001	0.9869	0.1616561669
1002	0.9871	0.1614808357
1003	0.987	0.1612780155
1004	0.9869	0.1610807543
1005	0.9871	0.1608832464
1006	0.9872	0.1607009871
1007	0.9874	0.1605508503
1008	0.9871	0.1603589964
1009	0.9873	0.1601785412
1010	0.9872	0.1600118841
1011	0.9871	0.1598233335
1012	0.9873	0.1596614332
1013	0.9872	0.1594914744
1014	0.9873	0.1593305291
1015	0.9874	0.1591642556
1016	0.9873	0.1589916635
1017	0.9871	0.1588192215
1018	0.9874	0.1586572303
1019	0.9875	0.1585010812
1020	0.9877	0.1583319489
1021	0.9875	0.1581587067
1022	0.9876	0.158001987
1023	0.9875	0.1578330577
1024	0.9875	0.1576578452
1025	0.9877	0.1574795569
1026	0.9878	0.1573121221
1027	0.9878	0.1571508898
1028	0.9879	0.156980592
1029	0.9879	0.1568314458
1030	0.988	0.1566309681
1031	0.988	0.1564625955
1032	0.9881	0.1562898418
1033	0.9882	0.1560972484
1034	0.9881	0.1558970435
1035	0.9883	0.1557262125
1036	0.9882	0.1555530047
1037	0.9882	0.1553907155
1038	0.9882	0.1552397044
1039	0.9887	0.155042728
1040	0.9885	0.1548854718
1041	0.9884	0.1547199419
1042	0.9885	0.1545486448
1043	0.9888	0.1543645369
1044	0.9889	0.1542034146
1045	0.989	0.1540202112
1046	0.989	0.1538502746
1047	0.989	0.1536754092
1048	0.989	0.1534989859
1049	0.9891	0.1533198669
1050	0.9891	0.1531601779
1051	0.9893	0.1530044338
1052	0.9893	0.1528630536
1053	0.9893	0.152699546
1054	0.9893	0.1525394761
1055	0.9893	0.1523795961
1056	0.9894	0.1522326724
1057	0.9894	0.1520860711
1058	0.9894	0.15194777
1059	0.9895	0.1517817539
1060	0.9895	0.1516347716
1061	0.9896	0.1514904617
1062	0.9895	0.1513314809
1063	0.9896	0.1511895019
1064	0.9896	0.1510424722
1065	0.9896	0.150881294
1066	0.9897	0.1507082482
1067	0.9897	0.1505595975
1068	0.9897	0.1503771996
1069	0.9896	0.1502211507
1070	0.9897	0.1500546352
1071	0.9898	0.1499001313
1072	0.9897	0.1497520665
1073	0.9898	0.1495719736
1074	0.9898	0.1493910018
1075	0.99	0.1492272301
